{"prizes":[{"year":"2018","category":"physics","overallMotivation":"\u201cfor groundbreaking inventions in the field of laser physics\u201d","laureates":[{"id":"960","firstname":"Arthur","surname":"Ashkin","motivation":"\"for the optical tweezers and their application to biological systems\"","share":"2"},{"id":"961","firstname":"G\u00e9rard","surname":"Mourou","motivation":"\"for their method of generating high-intensity, ultra-short optical pulses\"","share":"4"},{"id":"962","firstname":"Donna","surname":"Strickland","motivation":"\"for their method of generating high-intensity, ultra-short optical pulses\"","share":"4"}]},{"year":"2018","category":"chemistry","laureates":[{"id":"963","firstname":"Frances H.","surname":"Arnold","motivation":"\"for the directed evolution of enzymes\"","share":"2"},{"id":"964","firstname":"George P.","surname":"Smith","motivation":"\"for the phage display of peptides and antibodies\"","share":"4"},{"id":"965","firstname":"Sir Gregory P.","surname":"Winter","motivation":"\"for the phage display of peptides and antibodies\"","share":"4"}]},{"year":"2018","category":"medicine","laureates":[{"id":"958","firstname":"James P.","surname":"Allison","motivation":"\"for their discovery of cancer therapy by inhibition of negative immune regulation\"","share":"2"},{"id":"959","firstname":"Tasuku","surname":"Honjo","motivation":"\"for their discovery of cancer therapy by inhibition of negative immune regulation\"","share":"2"}]},{"year":"2018","category":"peace","laureates":[{"id":"966","firstname":"Denis","surname":"Mukwege","motivation":"\"for their efforts to end the use of sexual violence as a weapon of war and armed conflict\"","share":"2"},{"id":"967","firstname":"Nadia","surname":"Murad","motivation":"\"for their efforts to end the use of sexual violence as a weapon of war and armed conflict\"","share":"2"}]},{"year":"2018","category":"economics","laureates":[{"id":"968","firstname":"William D.","surname":"Nordhaus","motivation":"\"for integrating climate change into long-run macroeconomic analysis\"","share":"2"},{"id":"969","firstname":"Paul M.","surname":"Romer","motivation":"\"for integrating technological innovations into long-run macroeconomic analysis\"","share":"2"}]},{"year":"2017","category":"physics","laureates":[{"id":"941","firstname":"Rainer","surname":"Weiss","motivation":"\"for decisive contributions to the LIGO detector and the observation of gravitational waves\"","share":"2"},{"id":"942","firstname":"Barry C.","surname":"Barish","motivation":"\"for decisive contributions to the LIGO detector and the observation of gravitational waves\"","share":"4"},{"id":"943","firstname":"Kip S.","surname":"Thorne","motivation":"\"for decisive contributions to the LIGO detector and the observation of gravitational waves\"","share":"4"}]},{"year":"2017","category":"chemistry","laureates":[{"id":"944","firstname":"Jacques","surname":"Dubochet","motivation":"\"for developing cryo-electron microscopy for the high-resolution structure determination of biomolecules in solution\"","share":"3"},{"id":"945","firstname":"Joachim","surname":"Frank","motivation":"\"for developing cryo-electron microscopy for the high-resolution structure determination of biomolecules in solution\"","share":"3"},{"id":"946","firstname":"Richard","surname":"Henderson","motivation":"\"for developing cryo-electron microscopy for the high-resolution structure determination of biomolecules in solution\"","share":"3"}]},{"year":"2017","category":"medicine","laureates":[{"id":"938","firstname":"Jeffrey C.","surname":"Hall","motivation":"\"for their discoveries of molecular mechanisms controlling the circadian rhythm\"","share":"3"},{"id":"939","firstname":"Michael","surname":"Rosbash","motivation":"\"for their discoveries of molecular mechanisms controlling the circadian rhythm\"","share":"3"},{"id":"940","firstname":"Michael W.","surname":"Young","motivation":"\"for their discoveries of molecular mechanisms controlling the circadian rhythm\"","share":"3"}]},{"year":"2017","category":"literature","laureates":[{"id":"947","firstname":"Kazuo","surname":"Ishiguro","motivation":"\"who, in novels of great emotional force, has uncovered the abyss beneath our illusory sense of connection with the world\"","share":"1"}]},{"year":"2017","category":"peace","laureates":[{"id":"948","firstname":"International Campaign to Abolish Nuclear Weapons (ICAN)","motivation":"\"for its work to draw attention to the catastrophic humanitarian consequences of any use of nuclear weapons and for its ground-breaking efforts to achieve a treaty-based prohibition of such weapons\"","share":"1","surname":""}]},{"year":"2017","category":"economics","laureates":[{"id":"949","firstname":"Richard H.","surname":"Thaler","motivation":"\"for his contributions to behavioural economics\"","share":"1"}]},{"year":"2016","category":"physics","laureates":[{"id":"928","firstname":"David J.","surname":"Thouless","motivation":"\"for theoretical discoveries of topological phase transitions and topological phases of matter\"","share":"2"},{"id":"929","firstname":"F. Duncan M.","surname":"Haldane","motivation":"\"for theoretical discoveries of topological phase transitions and topological phases of matter\"","share":"4"},{"id":"930","firstname":"J. Michael","surname":"Kosterlitz","motivation":"\"for theoretical discoveries of topological phase transitions and topological phases of matter\"","share":"4"}]},{"year":"2016","category":"chemistry","laureates":[{"id":"931","firstname":"Jean-Pierre","surname":"Sauvage","motivation":"\"for the design and synthesis of molecular machines\"","share":"3"},{"id":"932","firstname":"Sir J. Fraser","surname":"Stoddart","motivation":"\"for the design and synthesis of molecular machines\"","share":"3"},{"id":"933","firstname":"Bernard L.","surname":"Feringa","motivation":"\"for the design and synthesis of molecular machines\"","share":"3"}]},{"year":"2016","category":"medicine","laureates":[{"id":"927","firstname":"Yoshinori","surname":"Ohsumi","motivation":"\"for his discoveries of mechanisms for autophagy\"","share":"1"}]},{"year":"2016","category":"literature","laureates":[{"id":"937","firstname":"Bob","surname":"Dylan","motivation":"\"for having created new poetic expressions within the great American song tradition\"","share":"1"}]},{"year":"2016","category":"peace","laureates":[{"id":"934","firstname":"Juan Manuel","surname":"Santos","motivation":"\"for his resolute efforts to bring the country's more than 50-year-long civil war to an end\"","share":"1"}]},{"year":"2016","category":"economics","laureates":[{"id":"935","firstname":"Oliver","surname":"Hart","motivation":"\"for their contributions to contract theory\"","share":"2"},{"id":"936","firstname":"Bengt","surname":"Holmstr\u00f6m","motivation":"\"for their contributions to contract theory\"","share":"2"}]},{"year":"2015","category":"physics","laureates":[{"id":"919","firstname":"Takaaki","surname":"Kajita","motivation":"\"for the discovery of neutrino oscillations, which shows that neutrinos have mass\"","share":"2"},{"id":"920","firstname":"Arthur B.","surname":"McDonald","motivation":"\"for the discovery of neutrino oscillations, which shows that neutrinos have mass\"","share":"2"}]},{"year":"2015","category":"chemistry","laureates":[{"id":"921","firstname":"Tomas","surname":"Lindahl","motivation":"\"for mechanistic studies of DNA repair\"","share":"3"},{"id":"922","firstname":"Paul","surname":"Modrich","motivation":"\"for mechanistic studies of DNA repair\"","share":"3"},{"id":"923","firstname":"Aziz","surname":"Sancar","motivation":"\"for mechanistic studies of DNA repair\"","share":"3"}]},{"year":"2015","category":"medicine","laureates":[{"id":"916","firstname":"William C.","surname":"Campbell","motivation":"\"for their discoveries concerning a novel therapy against infections caused by roundworm parasites\"","share":"4"},{"id":"917","firstname":"Satoshi","surname":"\u014cmura","motivation":"\"for their discoveries concerning a novel therapy against infections caused by roundworm parasites\"","share":"4"},{"id":"918","firstname":"Youyou","surname":"Tu","motivation":"\"for her discoveries concerning a novel therapy against Malaria\"","share":"2"}]},{"year":"2015","category":"literature","laureates":[{"id":"924","firstname":"Svetlana","surname":"Alexievich","motivation":"\"for her polyphonic writings, a monument to suffering and courage in our time\"","share":"1"}]},{"year":"2015","category":"peace","laureates":[{"id":"925","firstname":"National Dialogue Quartet","motivation":"\"for its decisive contribution to the building of a pluralistic democracy in Tunisia in the wake of the Jasmine Revolution of 2011\"","share":"1","surname":""}]},{"year":"2015","category":"economics","laureates":[{"id":"926","firstname":"Angus","surname":"Deaton","motivation":"\"for his analysis of consumption, poverty, and welfare\"","share":"1"}]},{"year":"2014","category":"physics","laureates":[{"id":"906","firstname":"Isamu","surname":"Akasaki","motivation":"\"for the invention of efficient blue light-emitting diodes which has enabled bright and energy-saving white light sources\"","share":"3"},{"id":"907","firstname":"Hiroshi","surname":"Amano","motivation":"\"for the invention of efficient blue light-emitting diodes which has enabled bright and energy-saving white light sources\"","share":"3"},{"id":"908","firstname":"Shuji","surname":"Nakamura","motivation":"\"for the invention of efficient blue light-emitting diodes which has enabled bright and energy-saving white light sources\"","share":"3"}]},{"year":"2014","category":"chemistry","laureates":[{"id":"909","firstname":"Eric","surname":"Betzig","motivation":"\"for the development of super-resolved fluorescence microscopy\"","share":"3"},{"id":"910","firstname":"Stefan W.","surname":"Hell","motivation":"\"for the development of super-resolved fluorescence microscopy\"","share":"3"},{"id":"911","firstname":"William E.","surname":"Moerner","motivation":"\"for the development of super-resolved fluorescence microscopy\"","share":"3"}]},{"year":"2014","category":"medicine","laureates":[{"id":"903","firstname":"John","surname":"O'Keefe","motivation":"\"for their discoveries of cells that constitute a positioning system in the brain\"","share":"2"},{"id":"904","firstname":"May-Britt","surname":"Moser","motivation":"\"for their discoveries of cells that constitute a positioning system in the brain\"","share":"4"},{"id":"905","firstname":"Edvard I.","surname":"Moser","motivation":"\"for their discoveries of cells that constitute a positioning system in the brain\"","share":"4"}]},{"year":"2014","category":"literature","laureates":[{"id":"912","firstname":"Patrick","surname":"Modiano","motivation":"\"for the art of memory with which he has evoked the most ungraspable human destinies and\r\nuncovered the life-world of the occupation\"","share":"1"}]},{"year":"2014","category":"peace","laureates":[{"id":"913","firstname":"Kailash","surname":"Satyarthi","motivation":"\"for their struggle against the suppression of children and young people and for the right of all children to education\"","share":"2"},{"id":"914","firstname":"Malala","surname":"Yousafzai","motivation":"\"for their struggle against the suppression of children and young people and for the right of all children to education\"","share":"2"}]},{"year":"2014","category":"economics","laureates":[{"id":"915","firstname":"Jean","surname":"Tirole","motivation":"\"for his analysis of market power and regulation\"","share":"1"}]},{"year":"2013","category":"physics","laureates":[{"id":"887","firstname":"Fran\u00e7ois","surname":"Englert","motivation":"\"for the theoretical discovery of a mechanism that contributes to our understanding of the origin of mass of subatomic particles, and which recently was confirmed through the discovery of the predicted fundamental particle, by the ATLAS and CMS experiments at CERN's Large Hadron Collider\"","share":"2"},{"id":"888","firstname":"Peter W.","surname":"Higgs","motivation":"\"for the theoretical discovery of a mechanism that contributes to our understanding of the origin of mass of subatomic particles, and which recently was confirmed through the discovery of the predicted fundamental particle, by the ATLAS and CMS experiments at CERN's Large Hadron Collider\"","share":"2"}]},{"year":"2013","category":"chemistry","laureates":[{"id":"889","firstname":"Martin","surname":"Karplus","motivation":"\"for the development of multiscale models for complex chemical systems\"","share":"3"},{"id":"890","firstname":"Michael","surname":"Levitt","motivation":"\"for the development of multiscale models for complex chemical systems\"","share":"3"},{"id":"891","firstname":"Arieh","surname":"Warshel","motivation":"\"for the development of multiscale models for complex chemical systems\"","share":"3"}]},{"year":"2013","category":"medicine","laureates":[{"id":"884","firstname":"James E.","surname":"Rothman","motivation":"\"for their discoveries of machinery regulating vesicle traffic, a major transport system in our cells\"","share":"3"},{"id":"885","firstname":"Randy W.","surname":"Schekman","motivation":"\"for their discoveries of machinery regulating vesicle traffic, a major transport system in our cells\"","share":"3"},{"id":"886","firstname":"Thomas C.","surname":"S\u00fcdhof","motivation":"\"for their discoveries of machinery regulating vesicle traffic, a major transport system in our cells\"","share":"3"}]},{"year":"2013","category":"literature","laureates":[{"id":"892","firstname":"Alice","surname":"Munro","motivation":"\"master of the contemporary short story\"","share":"1"}]},{"year":"2013","category":"peace","laureates":[{"id":"893","firstname":"Organisation for the Prohibition of Chemical Weapons (OPCW)","motivation":"\"for its extensive efforts to eliminate chemical weapons\"","share":"1","surname":""}]},{"year":"2013","category":"economics","laureates":[{"id":"894","firstname":"Eugene F.","surname":"Fama","motivation":"\"for their empirical analysis of asset prices\"","share":"3"},{"id":"895","firstname":"Lars Peter","surname":"Hansen","motivation":"\"for their empirical analysis of asset prices\"","share":"3"},{"id":"896","firstname":"Robert J.","surname":"Shiller","motivation":"\"for their empirical analysis of asset prices\"","share":"3"}]},{"year":"2012","category":"physics","laureates":[{"id":"876","firstname":"Serge","surname":"Haroche","motivation":"\"for ground-breaking experimental methods that enable measuring and manipulation of individual quantum systems\"","share":"2"},{"id":"877","firstname":"David J.","surname":"Wineland","motivation":"\"for ground-breaking experimental methods that enable measuring and manipulation of individual quantum systems\"","share":"2"}]},{"year":"2012","category":"chemistry","laureates":[{"id":"878","firstname":"Robert J.","surname":"Lefkowitz","motivation":"\"for studies of G-protein-coupled receptors\"","share":"2"},{"id":"879","firstname":"Brian K.","surname":"Kobilka","motivation":"\"for studies of G-protein-coupled receptors\"","share":"2"}]},{"year":"2012","category":"medicine","laureates":[{"id":"874","firstname":"Sir John B.","surname":"Gurdon","motivation":"\"for the discovery that mature cells can be reprogrammed to become pluripotent\"","share":"2"},{"id":"875","firstname":"Shinya","surname":"Yamanaka","motivation":"\"for the discovery that mature cells can be reprogrammed to become pluripotent\"","share":"2"}]},{"year":"2012","category":"literature","laureates":[{"id":"880","firstname":"Mo","surname":"Yan","motivation":"\"who with hallucinatory realism merges folk tales, history and the contemporary\"","share":"1"}]},{"year":"2012","category":"peace","laureates":[{"id":"881","firstname":"European Union (EU)","motivation":"\"for over six decades contributed to the advancement of peace and reconciliation, democracy and human rights in Europe\"","share":"1","surname":""}]},{"year":"2012","category":"economics","laureates":[{"id":"882","firstname":"Alvin E.","surname":"Roth","motivation":"\"for the theory of stable allocations and the practice of market design\"","share":"2"},{"id":"883","firstname":"Lloyd S.","surname":"Shapley","motivation":"\"for the theory of stable allocations and the practice of market design\"","share":"2"}]},{"year":"2011","category":"physics","laureates":[{"id":"864","firstname":"Saul","surname":"Perlmutter","motivation":"\"for the discovery of the accelerating expansion of the Universe through observations of distant supernovae\"","share":"2"},{"id":"865","firstname":"Brian P.","surname":"Schmidt","motivation":"\"for the discovery of the accelerating expansion of the Universe through observations of distant supernovae\"","share":"4"},{"id":"866","firstname":"Adam G.","surname":"Riess","motivation":"\"for the discovery of the accelerating expansion of the Universe through observations of distant supernovae\"","share":"4"}]},{"year":"2011","category":"chemistry","laureates":[{"id":"867","firstname":"Dan","surname":"Shechtman","motivation":"\"for the discovery of quasicrystals\"","share":"1"}]},{"year":"2011","category":"medicine","laureates":[{"id":"861","firstname":"Bruce A.","surname":"Beutler","motivation":"\"for their discoveries concerning the activation of innate immunity\"","share":"4"},{"id":"862","firstname":"Jules A.","surname":"Hoffmann","motivation":"\"for their discoveries concerning the activation of innate immunity\"","share":"4"},{"id":"863","firstname":"Ralph M.","surname":"Steinman","motivation":"\"for his discovery of the dendritic cell and its role in adaptive immunity\"","share":"2"}]},{"year":"2011","category":"literature","laureates":[{"id":"868","firstname":"Tomas","surname":"Transtr\u00f6mer","motivation":"\"because, through his condensed, translucent images, he gives us fresh access to reality\"","share":"1"}]},{"year":"2011","category":"peace","laureates":[{"id":"869","firstname":"Ellen","surname":"Johnson Sirleaf","motivation":"\"for their non-violent struggle for the safety of women and for women&apos;s rights to full participation in peace-building work\"","share":"3"},{"id":"870","firstname":"Leymah","surname":"Gbowee","motivation":"\"for their non-violent struggle for the safety of women and for women&apos;s rights to full participation in peace-building work\"","share":"3"},{"id":"871","firstname":"Tawakkol","surname":"Karman","motivation":"\"for their non-violent struggle for the safety of women and for women&apos;s rights to full participation in peace-building work\"","share":"3"}]},{"year":"2011","category":"economics","laureates":[{"id":"872","firstname":"Thomas J.","surname":"Sargent","motivation":"\"for their empirical research on cause and effect in the macroeconomy\"","share":"2"},{"id":"873","firstname":"Christopher A.","surname":"Sims","motivation":"\"for their empirical research on cause and effect in the macroeconomy\"","share":"2"}]},{"year":"2010","category":"physics","laureates":[{"id":"849","firstname":"Andre","surname":"Geim","motivation":"\"for groundbreaking experiments regarding the two-dimensional material graphene\"","share":"2"},{"id":"850","firstname":"Konstantin","surname":"Novoselov","motivation":"\"for groundbreaking experiments regarding the two-dimensional material graphene\"","share":"2"}]},{"year":"2010","category":"chemistry","laureates":[{"id":"851","firstname":"Richard F.","surname":"Heck","motivation":"\"for palladium-catalyzed cross couplings in organic synthesis\"","share":"3"},{"id":"852","firstname":"Ei-ichi","surname":"Negishi","motivation":"\"for palladium-catalyzed cross couplings in organic synthesis\"","share":"3"},{"id":"853","firstname":"Akira","surname":"Suzuki","motivation":"\"for palladium-catalyzed cross couplings in organic synthesis\"","share":"3"}]},{"year":"2010","category":"medicine","laureates":[{"id":"848","firstname":"Robert G.","surname":"Edwards","motivation":"\"for the development of in vitro fertilization\"","share":"1"}]},{"year":"2010","category":"literature","laureates":[{"id":"854","firstname":"Mario","surname":"Vargas Llosa","motivation":"\"for his cartography of structures of power and his trenchant images of the individual's resistance, revolt, and defeat\"","share":"1"}]},{"year":"2010","category":"peace","laureates":[{"id":"855","firstname":"Liu","surname":"Xiaobo","motivation":"\"for his long and non-violent struggle for fundamental human rights in China\"","share":"1"}]},{"year":"2010","category":"economics","laureates":[{"id":"856","firstname":"Peter A.","surname":"Diamond","motivation":"\"for their analysis of markets with search frictions\"","share":"3"},{"id":"857","firstname":"Dale T.","surname":"Mortensen","motivation":"\"for their analysis of markets with search frictions\"","share":"3"},{"id":"858","firstname":"Christopher A.","surname":"Pissarides","motivation":"\"for their analysis of markets with search frictions\"","share":"3"}]},{"year":"2009","category":"physics","laureates":[{"id":"838","firstname":"Charles Kuen","surname":"Kao","motivation":"\"for groundbreaking achievements concerning the transmission of light in fibers for optical communication\"","share":"2"},{"id":"839","firstname":"Willard S.","surname":"Boyle","motivation":"\"for the invention of an imaging semiconductor circuit - the CCD sensor\"","share":"4"},{"id":"840","firstname":"George E.","surname":"Smith","motivation":"\"for the invention of an imaging semiconductor circuit - the CCD sensor\"","share":"4"}]},{"year":"2009","category":"chemistry","laureates":[{"id":"841","firstname":"Venkatraman","surname":"Ramakrishnan","motivation":"\"for studies of the structure and function of the ribosome\"","share":"3"},{"id":"842","firstname":"Thomas A.","surname":"Steitz","motivation":"\"for studies of the structure and function of the ribosome\"","share":"3"},{"id":"843","firstname":"Ada E.","surname":"Yonath","motivation":"\"for studies of the structure and function of the ribosome\"","share":"3"}]},{"year":"2009","category":"medicine","laureates":[{"id":"835","firstname":"Elizabeth H.","surname":"Blackburn","motivation":"\"for the discovery of how chromosomes are protected by telomeres and the enzyme telomerase\"","share":"3"},{"id":"836","firstname":"Carol W.","surname":"Greider","motivation":"\"for the discovery of how chromosomes are protected by telomeres and the enzyme telomerase\"","share":"3"},{"id":"837","firstname":"Jack W.","surname":"Szostak","motivation":"\"for the discovery of how chromosomes are protected by telomeres and the enzyme telomerase\"","share":"3"}]},{"year":"2009","category":"literature","laureates":[{"id":"844","firstname":"Herta","surname":"M\u00fcller","motivation":"\"who, with the concentration of poetry and the frankness of prose, depicts the landscape of the dispossessed\"","share":"1"}]},{"year":"2009","category":"peace","laureates":[{"id":"845","firstname":"Barack H.","surname":"Obama","motivation":"\"for his extraordinary efforts to strengthen international diplomacy and cooperation between peoples\"","share":"1"}]},{"year":"2009","category":"economics","laureates":[{"id":"846","firstname":"Elinor","surname":"Ostrom","motivation":"\"for her analysis of economic governance, especially the commons\"","share":"2"},{"id":"847","firstname":"Oliver E.","surname":"Williamson","motivation":"\"for his analysis of economic governance, especially the boundaries of the firm\"","share":"2"}]},{"year":"2008","category":"physics","laureates":[{"id":"826","firstname":"Yoichiro","surname":"Nambu","motivation":"\"for the discovery of the mechanism of spontaneous broken symmetry in subatomic physics\"","share":"2"},{"id":"827","firstname":"Makoto","surname":"Kobayashi","motivation":"\"for the discovery of the origin of the broken symmetry which predicts the existence of at least three families of quarks in nature\"","share":"4"},{"id":"828","firstname":"Toshihide","surname":"Maskawa","motivation":"\"for the discovery of the origin of the broken symmetry which predicts the existence of at least three families of quarks in nature\"","share":"4"}]},{"year":"2008","category":"chemistry","laureates":[{"id":"829","firstname":"Osamu","surname":"Shimomura","motivation":"\"for the discovery and development of the green fluorescent protein, GFP\"","share":"3"},{"id":"830","firstname":"Martin","surname":"Chalfie","motivation":"\"for the discovery and development of the green fluorescent protein, GFP\"","share":"3"},{"id":"831","firstname":"Roger Y.","surname":"Tsien","motivation":"\"for the discovery and development of the green fluorescent protein, GFP\"","share":"3"}]},{"year":"2008","category":"medicine","laureates":[{"id":"823","firstname":"Harald","surname":"zur Hausen","motivation":"\"for his discovery of human papilloma viruses causing cervical cancer\"","share":"2"},{"id":"824","firstname":"Fran\u00e7oise","surname":"Barr\u00e9-Sinoussi","motivation":"\"for their discovery of human immunodeficiency virus\"","share":"4"},{"id":"825","firstname":"Luc","surname":"Montagnier","motivation":"\"for their discovery of human immunodeficiency virus\"","share":"4"}]},{"year":"2008","category":"literature","laureates":[{"id":"832","firstname":"Jean-Marie Gustave","surname":"Le Cl\u00e9zio","motivation":"\"author of new departures, poetic adventure and sensual ecstasy, explorer of a humanity beyond and below the reigning civilization\"","share":"1"}]},{"year":"2008","category":"peace","laureates":[{"id":"833","firstname":"Martti","surname":"Ahtisaari","motivation":"\"for his important efforts, on several continents and over more than three decades, to resolve international conflicts\"","share":"1"}]},{"year":"2008","category":"economics","laureates":[{"id":"834","firstname":"Paul","surname":"Krugman","motivation":"\"for his analysis of trade patterns and location of economic activity\"","share":"1"}]},{"year":"2007","category":"physics","laureates":[{"id":"814","firstname":"Albert","surname":"Fert","motivation":"\"for the discovery of Giant Magnetoresistance\"","share":"2"},{"id":"815","firstname":"Peter","surname":"Gr\u00fcnberg","motivation":"\"for the discovery of Giant Magnetoresistance\"","share":"2"}]},{"year":"2007","category":"chemistry","laureates":[{"id":"816","firstname":"Gerhard","surname":"Ertl","motivation":"\"for his studies of chemical processes on solid surfaces\"","share":"1"}]},{"year":"2007","category":"medicine","laureates":[{"id":"811","firstname":"Mario R.","surname":"Capecchi","motivation":"\"for their discoveries of principles for introducing specific gene modifications in mice by the use of embryonic stem cells\"","share":"3"},{"id":"812","firstname":"Sir Martin J.","surname":"Evans","motivation":"\"for their discoveries of principles for introducing specific gene modifications in mice by the use of embryonic stem cells\"","share":"3"},{"id":"813","firstname":"Oliver","surname":"Smithies","motivation":"\"for their discoveries of principles for introducing specific gene modifications in mice by the use of embryonic stem cells\"","share":"3"}]},{"year":"2007","category":"literature","laureates":[{"id":"817","firstname":"Doris","surname":"Lessing","motivation":"\"that epicist of the female experience, who with scepticism, fire and visionary power has subjected a divided civilisation to scrutiny\"","share":"1"}]},{"year":"2007","category":"peace","laureates":[{"id":"818","firstname":"Intergovernmental Panel on Climate Change (IPCC)","motivation":"\"for their efforts to build up and disseminate greater knowledge about man-made climate change, and to lay the foundations for the measures that are needed to counteract such change\"","share":"2","surname":""},{"id":"819","firstname":"Albert Arnold (Al)","surname":"Gore Jr.","motivation":"\"for their efforts to build up and disseminate greater knowledge about man-made climate change, and to lay the foundations for the measures that are needed to counteract such change\"","share":"2"}]},{"year":"2007","category":"economics","laureates":[{"id":"820","firstname":"Leonid","surname":"Hurwicz","motivation":"\"for having laid the foundations of mechanism design theory\"","share":"3"},{"id":"821","firstname":"Eric S.","surname":"Maskin","motivation":"\"for having laid the foundations of mechanism design theory\"","share":"3"},{"id":"822","firstname":"Roger B.","surname":"Myerson","motivation":"\"for having laid the foundations of mechanism design theory\"","share":"3"}]},{"year":"2006","category":"physics","laureates":[{"id":"804","firstname":"John C.","surname":"Mather","motivation":"\"for their discovery of the blackbody form and anisotropy of the cosmic microwave background radiation\"","share":"2"},{"id":"805","firstname":"George F.","surname":"Smoot","motivation":"\"for their discovery of the blackbody form and anisotropy of the cosmic microwave background radiation\"","share":"2"}]},{"year":"2006","category":"chemistry","laureates":[{"id":"806","firstname":"Roger D.","surname":"Kornberg","motivation":"\"for his studies of the molecular basis of eukaryotic transcription\"","share":"1"}]},{"year":"2006","category":"medicine","laureates":[{"id":"802","firstname":"Andrew Z.","surname":"Fire","motivation":"\"for their discovery of RNA interference - gene silencing by double-stranded RNA\"","share":"2"},{"id":"803","firstname":"Craig C.","surname":"Mello","motivation":"\"for their discovery of RNA interference - gene silencing by double-stranded RNA\"","share":"2"}]},{"year":"2006","category":"literature","laureates":[{"id":"808","firstname":"Orhan","surname":"Pamuk","motivation":"\"who in the quest for the melancholic soul of his native city has discovered new symbols for the clash and interlacing of cultures\"","share":"1"}]},{"year":"2006","category":"peace","laureates":[{"id":"809","firstname":"Muhammad","surname":"Yunus","motivation":"\"for their efforts to create economic and social development from below\"","share":"2"},{"id":"810","firstname":"Grameen Bank","motivation":"\"for their efforts to create economic and social development from below\"","share":"2","surname":""}]},{"year":"2006","category":"economics","laureates":[{"id":"807","firstname":"Edmund S.","surname":"Phelps","motivation":"\"for his analysis of intertemporal tradeoffs in macroeconomic policy\"","share":"1"}]},{"year":"2005","category":"physics","laureates":[{"id":"791","firstname":"Roy J.","surname":"Glauber","motivation":"\"for his contribution to the quantum theory of optical coherence\"","share":"2"},{"id":"792","firstname":"John L.","surname":"Hall","motivation":"\"for their contributions to the development of laser-based precision spectroscopy, including the optical frequency comb technique\"","share":"4"},{"id":"793","firstname":"Theodor W.","surname":"H\u00e4nsch","motivation":"\"for their contributions to the development of laser-based precision spectroscopy, including the optical frequency comb technique\"","share":"4"}]},{"year":"2005","category":"chemistry","laureates":[{"id":"794","firstname":"Yves","surname":"Chauvin","motivation":"\"for the development of the metathesis method in organic synthesis\"","share":"3"},{"id":"795","firstname":"Robert H.","surname":"Grubbs","motivation":"\"for the development of the metathesis method in organic synthesis\"","share":"3"},{"id":"796","firstname":"Richard R.","surname":"Schrock","motivation":"\"for the development of the metathesis method in organic synthesis\"","share":"3"}]},{"year":"2005","category":"medicine","laureates":[{"id":"789","firstname":"Barry J.","surname":"Marshall","motivation":"\"for their discovery of the bacterium <i>Helicobacter pylori<\/i> and its role in gastritis and peptic ulcer disease\"","share":"2"},{"id":"790","firstname":"J. Robin","surname":"Warren","motivation":"\"for their discovery of the bacterium <i>Helicobacter pylori<\/i> and its role in gastritis and peptic ulcer disease\"","share":"2"}]},{"year":"2005","category":"literature","laureates":[{"id":"801","firstname":"Harold","surname":"Pinter","motivation":"\"who in his plays uncovers the precipice under everyday prattle and forces entry into oppression's closed rooms\"","share":"1"}]},{"year":"2005","category":"peace","laureates":[{"id":"797","firstname":"International Atomic Energy Agency (IAEA)","motivation":"\"for their efforts to prevent nuclear energy from being used for military purposes and to ensure that nuclear energy for peaceful purposes is used in the safest possible way\"","share":"2","surname":""},{"id":"798","firstname":"Mohamed","surname":"ElBaradei","motivation":"\"for their efforts to prevent nuclear energy from being used for military purposes and to ensure that nuclear energy for peaceful purposes is used in the safest possible way\"","share":"2"}]},{"year":"2005","category":"economics","laureates":[{"id":"799","firstname":"Robert J.","surname":"Aumann","motivation":"\"for having enhanced our understanding of conflict and cooperation through game-theory analysis\"","share":"2"},{"id":"800","firstname":"Thomas C.","surname":"Schelling","motivation":"\"for having enhanced our understanding of conflict and cooperation through game-theory analysis\"","share":"2"}]},{"year":"2004","category":"physics","laureates":[{"id":"776","firstname":"David J.","surname":"Gross","motivation":"\"for the discovery of asymptotic freedom in the theory of the strong interaction\"","share":"3"},{"id":"777","firstname":"H. David","surname":"Politzer","motivation":"\"for the discovery of asymptotic freedom in the theory of the strong interaction\"","share":"3"},{"id":"778","firstname":"Frank","surname":"Wilczek","motivation":"\"for the discovery of asymptotic freedom in the theory of the strong interaction\"","share":"3"}]},{"year":"2004","category":"chemistry","laureates":[{"id":"779","firstname":"Aaron","surname":"Ciechanover","motivation":"\"for the discovery of ubiquitin-mediated protein degradation\"","share":"3"},{"id":"780","firstname":"Avram","surname":"Hershko","motivation":"\"for the discovery of ubiquitin-mediated protein degradation\"","share":"3"},{"id":"781","firstname":"Irwin","surname":"Rose","motivation":"\"for the discovery of ubiquitin-mediated protein degradation\"","share":"3"}]},{"year":"2004","category":"medicine","laureates":[{"id":"774","firstname":"Richard","surname":"Axel","motivation":"\"for their discoveries of odorant receptors and the organization of the olfactory system\"","share":"2"},{"id":"775","firstname":"Linda B.","surname":"Buck","motivation":"\"for their discoveries of odorant receptors and the organization of the olfactory system\"","share":"2"}]},{"year":"2004","category":"literature","laureates":[{"id":"782","firstname":"Elfriede","surname":"Jelinek","motivation":"\"for her musical flow of voices and counter-voices in novels and plays that with extraordinary linguistic zeal reveal the absurdity of society's clich&eacute;s and their subjugating power\"","share":"1"}]},{"year":"2004","category":"peace","laureates":[{"id":"783","firstname":"Wangari Muta","surname":"Maathai","motivation":"\"for her contribution to sustainable development, democracy and peace\"","share":"1"}]},{"year":"2004","category":"economics","laureates":[{"id":"786","firstname":"Finn E.","surname":"Kydland","motivation":"\"for their contributions to dynamic macroeconomics: the time consistency of economic policy and the driving forces behind business cycles\"","share":"2"},{"id":"787","firstname":"Edward C.","surname":"Prescott","motivation":"\"for their contributions to dynamic macroeconomics: the time consistency of economic policy and the driving forces behind business cycles\"","share":"2"}]},{"year":"2003","category":"physics","laureates":[{"id":"766","firstname":"Alexei A.","surname":"Abrikosov","motivation":"\"for pioneering contributions to the theory of superconductors and superfluids\"","share":"3"},{"id":"767","firstname":"Vitaly L.","surname":"Ginzburg","motivation":"\"for pioneering contributions to the theory of superconductors and superfluids\"","share":"3"},{"id":"768","firstname":"Anthony J.","surname":"Leggett","motivation":"\"for pioneering contributions to the theory of superconductors and superfluids\"","share":"3"}]},{"year":"2003","category":"chemistry","overallMotivation":"\"for discoveries concerning channels in cell membranes\"","laureates":[{"id":"769","firstname":"Peter","surname":"Agre","motivation":"\"for the discovery of water channels\"","share":"2"},{"id":"770","firstname":"Roderick","surname":"MacKinnon","motivation":"\"for structural and mechanistic studies of ion channels\"","share":"2"}]},{"year":"2003","category":"medicine","laureates":[{"id":"764","firstname":"Paul C.","surname":"Lauterbur","motivation":"\"for their discoveries concerning magnetic resonance imaging\"","share":"2"},{"id":"765","firstname":"Sir Peter","surname":"Mansfield","motivation":"\"for their discoveries concerning magnetic resonance imaging\"","share":"2"}]},{"year":"2003","category":"literature","laureates":[{"id":"763","firstname":"John M.","surname":"Coetzee","motivation":"\"who in innumerable guises portrays the surprising involvement of the outsider\"","share":"1"}]},{"year":"2003","category":"peace","laureates":[{"id":"773","firstname":"Shirin","surname":"Ebadi","motivation":"\"for her efforts for democracy and human rights. She has focused especially on the struggle for the rights of women and children\"","share":"1"}]},{"year":"2003","category":"economics","laureates":[{"id":"771","firstname":"Robert F.","surname":"Engle III","motivation":"\"for methods of analyzing economic time series with time-varying volatility (ARCH)\"","share":"2"},{"id":"772","firstname":"Clive W.J.","surname":"Granger","motivation":"\"for methods of analyzing economic time series with common trends (cointegration)\"","share":"2"}]},{"year":"2002","category":"physics","laureates":[{"id":"753","firstname":"Raymond","surname":"Davis Jr.","motivation":"\"for pioneering contributions to astrophysics, in particular for the detection of cosmic neutrinos\"","share":"4"},{"id":"754","firstname":"Masatoshi","surname":"Koshiba","motivation":"\"for pioneering contributions to astrophysics, in particular for the detection of cosmic neutrinos\"","share":"4"},{"id":"755","firstname":"Riccardo","surname":"Giacconi","motivation":"\"for pioneering contributions to astrophysics, which have led to the discovery of cosmic X-ray sources\"","share":"2"}]},{"year":"2002","category":"chemistry","overallMotivation":"\"for the development of methods for identification and structure analyses of biological macromolecules\"","laureates":[{"id":"756","firstname":"John B.","surname":"Fenn","motivation":"\"for their development of soft desorption ionisation methods for mass spectrometric analyses of biological macromolecules\"","share":"4"},{"id":"757","firstname":"Koichi","surname":"Tanaka","motivation":"\"for their development of soft desorption ionisation methods for mass spectrometric analyses of biological macromolecules\"","share":"4"},{"id":"758","firstname":"Kurt","surname":"W\u00fcthrich","motivation":"\"for his development of nuclear magnetic resonance spectroscopy for determining the three-dimensional structure of biological macromolecules in solution\"","share":"2"}]},{"year":"2002","category":"medicine","laureates":[{"id":"750","firstname":"Sydney","surname":"Brenner","motivation":"\"for their discoveries concerning genetic regulation of organ development and programmed cell death'\"","share":"3"},{"id":"751","firstname":"H. Robert","surname":"Horvitz","motivation":"\"for their discoveries concerning genetic regulation of organ development and programmed cell death'\"","share":"3"},{"id":"752","firstname":"John E.","surname":"Sulston","motivation":"\"for their discoveries concerning genetic regulation of organ development and programmed cell death'\"","share":"3"}]},{"year":"2002","category":"literature","laureates":[{"id":"761","firstname":"Imre","surname":"Kert\u00e9sz","motivation":"\"for writing that upholds the fragile experience of the individual against the barbaric arbitrariness of history\"","share":"1"}]},{"year":"2002","category":"peace","laureates":[{"id":"762","firstname":"Jimmy","surname":"Carter","motivation":"\"for his decades of untiring effort to find peaceful solutions to international conflicts, to advance democracy and human rights, and to promote economic and social development\"","share":"1"}]},{"year":"2002","category":"economics","laureates":[{"id":"759","firstname":"Daniel","surname":"Kahneman","motivation":"\"for having integrated insights from psychological research into economic science, especially concerning human judgment and decision-making under uncertainty\"","share":"2"},{"id":"760","firstname":"Vernon L.","surname":"Smith","motivation":"\"for having established laboratory experiments as a tool in empirical economic analysis, especially in the study of alternative market mechanisms\"","share":"2"}]},{"year":"2001","category":"physics","laureates":[{"id":"738","firstname":"Eric A.","surname":"Cornell","motivation":"\"for the achievement of Bose-Einstein condensation in dilute gases of alkali atoms, and for early fundamental studies of the properties of the condensates\"","share":"3"},{"id":"739","firstname":"Wolfgang","surname":"Ketterle","motivation":"\"for the achievement of Bose-Einstein condensation in dilute gases of alkali atoms, and for early fundamental studies of the properties of the condensates\"","share":"3"},{"id":"740","firstname":"Carl E.","surname":"Wieman","motivation":"\"for the achievement of Bose-Einstein condensation in dilute gases of alkali atoms, and for early fundamental studies of the properties of the condensates\"","share":"3"}]},{"year":"2001","category":"chemistry","laureates":[{"id":"741","firstname":"William S.","surname":"Knowles","motivation":"\"for their work on chirally catalysed hydrogenation reactions\"","share":"4"},{"id":"742","firstname":"Ryoji","surname":"Noyori","motivation":"\"for their work on chirally catalysed hydrogenation reactions\"","share":"4"},{"id":"743","firstname":"K. Barry","surname":"Sharpless","motivation":"\"for his work on chirally catalysed oxidation reactions\"","share":"2"}]},{"year":"2001","category":"medicine","laureates":[{"id":"735","firstname":"Leland H.","surname":"Hartwell","motivation":"\"for their discoveries of key regulators of the cell cycle\"","share":"3"},{"id":"736","firstname":"Tim","surname":"Hunt","motivation":"\"for their discoveries of key regulators of the cell cycle\"","share":"3"},{"id":"737","firstname":"Sir Paul M.","surname":"Nurse","motivation":"\"for their discoveries of key regulators of the cell cycle\"","share":"3"}]},{"year":"2001","category":"literature","laureates":[{"id":"747","firstname":"Sir Vidiadhar Surajprasad","surname":"Naipaul","motivation":"\"for having united perceptive narrative and incorruptible scrutiny in works that compel us to see the presence of suppressed histories\"","share":"1"}]},{"year":"2001","category":"peace","laureates":[{"id":"748","firstname":"United Nations (U.N.)","motivation":"\"for their work for a better organized and more peaceful world\"","share":"2","surname":""},{"id":"749","firstname":"Kofi","surname":"Annan","motivation":"\"for their work for a better organized and more peaceful world\"","share":"2"}]},{"year":"2001","category":"economics","laureates":[{"id":"744","firstname":"George A.","surname":"Akerlof","motivation":"\"for their analyses of markets with asymmetric information\"","share":"3"},{"id":"745","firstname":"A. Michael","surname":"Spence","motivation":"\"for their analyses of markets with asymmetric information\"","share":"3"},{"id":"746","firstname":"Joseph E.","surname":"Stiglitz","motivation":"\"for their analyses of markets with asymmetric information\"","share":"3"}]},{"year":"2000","category":"physics","overallMotivation":"\"for basic work on information and communication technology\"","laureates":[{"id":"726","firstname":"Zhores I.","surname":"Alferov","motivation":"\"for developing semiconductor heterostructures used in high-speed- and opto-electronics\"","share":"4"},{"id":"727","firstname":"Herbert","surname":"Kroemer","motivation":"\"for developing semiconductor heterostructures used in high-speed- and opto-electronics\"","share":"4"},{"id":"728","firstname":"Jack S.","surname":"Kilby","motivation":"\"for his part in the invention of the integrated circuit\"","share":"2"}]},{"year":"2000","category":"chemistry","laureates":[{"id":"729","firstname":"Alan J.","surname":"Heeger","motivation":"\"for the discovery and development of conductive polymers\"","share":"3"},{"id":"730","firstname":"Alan G.","surname":"MacDiarmid","motivation":"\"for the discovery and development of conductive polymers\"","share":"3"},{"id":"731","firstname":"Hideki","surname":"Shirakawa","motivation":"\"for the discovery and development of conductive polymers\"","share":"3"}]},{"year":"2000","category":"medicine","laureates":[{"id":"722","firstname":"Arvid","surname":"Carlsson","motivation":"\"for their discoveries concerning signal transduction in the nervous system\"","share":"3"},{"id":"723","firstname":"Paul","surname":"Greengard","motivation":"\"for their discoveries concerning signal transduction in the nervous system\"","share":"3"},{"id":"724","firstname":"Eric R.","surname":"Kandel","motivation":"\"for their discoveries concerning signal transduction in the nervous system\"","share":"3"}]},{"year":"2000","category":"literature","laureates":[{"id":"734","firstname":"Gao","surname":"Xingjian","motivation":"\"for an &aelig;uvre of universal validity, bitter insights and linguistic ingenuity, which has opened new paths for the Chinese novel and drama\"","share":"1"}]},{"year":"2000","category":"peace","laureates":[{"id":"725","firstname":"Kim","surname":"Dae-jung","motivation":"\"for his work for democracy and human rights in South Korea and in East Asia in general, and for peace and reconciliation with North Korea in particular\"","share":"1"}]},{"year":"2000","category":"economics","laureates":[{"id":"732","firstname":"James J.","surname":"Heckman","motivation":"\"for his development of theory and methods for analyzing selective samples\"","share":"2"},{"id":"733","firstname":"Daniel L.","surname":"McFadden","motivation":"\"for his development of theory and methods for analyzing discrete choice\"","share":"2"}]}]}
